{
  "input_video": "F:\\Data\\MemoryConsolidation\\SpatialAlternation\\GCAMP+PFFs_1318\\Freelymoving_GCAMP+PFFs_1318_tr2_0316_160835_678\\Freelymoving_GCAMP+PFFs_1318_tr2_0316_160835_678_ffv1.mkv",
  "input_size_bytes": 93127594476,
  "input_size_gb": 86.73183105513453,
  "input_duration_sec": 2680.867,
  "input_codec": "rawvideo",
  "input_pix_fmt": "gray",
  "subset_target_gb": 1.0,
  "subset_video": null,
  "subset_size_bytes": 1076873119,
  "subset_size_gb": 1.0029162457212806,
  "subset_duration_sec": 30.90983975993543,
  "subset_start_sec": 1324.9785801200323,
  "frame_indices": [
    20,
    48,
    71,
    111,
    128,
    132,
    144,
    155,
    183,
    197,
    207,
    215,
    244,
    248,
    258,
    261,
    272,
    298,
    316,
    361,
    386,
    388,
    401,
    409,
    414,
    424,
    432,
    455,
    456,
    464
  ],
  "preflight_failed_methods": {},
  "results": {
    "ffv1_lossless": {
      "status": "ok",
      "compressed_bytes": 468436208,
      "compressed_gb": 0.4362652152776718,
      "subset_input_bytes": 1076873119,
      "subset_input_gb": 1.0029162457212806,
      "percent_of_input": 43.49966581346154,
      "compression_time_sec": 4.015239899978042,
      "seconds_per_gb_input": 4.003564522070683,
      "input_mb_per_sec": 255.77207369955843,
      "n_compared_frames": 30,
      "psnr_mean": 100.0,
      "psnr_std": 0.0,
      "psnr_min": 100.0,
      "psnr_max": 100.0,
      "ssim_mean": 1.0,
      "ssim_std": 0.0,
      "ssim_min": 1.0,
      "ssim_max": 1.0
    },
    "x265_lossless": {
      "status": "ok",
      "compressed_bytes": 455470626,
      "compressed_gb": 0.4241900760680437,
      "subset_input_bytes": 1076873119,
      "subset_input_gb": 1.0029162457212806,
      "percent_of_input": 42.29566306037583,
      "compression_time_sec": 37.08274889993481,
      "seconds_per_gb_input": 36.97492094493446,
      "input_mb_per_sec": 27.69444731268012,
      "n_compared_frames": 30,
      "psnr_mean": 100.0,
      "psnr_std": 0.0,
      "psnr_min": 100.0,
      "psnr_max": 100.0,
      "ssim_mean": 1.0,
      "ssim_std": 0.0,
      "ssim_min": 1.0,
      "ssim_max": 1.0
    },
    "mjpeg_q3": {
      "status": "ok",
      "compressed_bytes": 61491612,
      "compressed_gb": 0.057268526405096054,
      "subset_input_bytes": 1076873119,
      "subset_input_gb": 1.0029162457212806,
      "percent_of_input": 5.7102002933365075,
      "compression_time_sec": 0.627547400072217,
      "seconds_per_gb_input": 0.6257226391032238,
      "input_mb_per_sec": 1636.507832715756,
      "n_compared_frames": 30,
      "psnr_mean": 41.473968705999624,
      "psnr_std": 0.025470774631901075,
      "psnr_min": 41.43637724631624,
      "psnr_max": 41.519308775529844,
      "ssim_mean": 0.9429484226046687,
      "ssim_std": 0.00016620593310263948,
      "ssim_min": 0.9426103749232444,
      "ssim_max": 0.9432527815881508
    },
    "x265_crf6": {
      "status": "ok",
      "compressed_bytes": 329736917,
      "compressed_gb": 0.30709143448621035,
      "subset_input_bytes": 1076873119,
      "subset_input_gb": 1.0029162457212806,
      "percent_of_input": 30.619848446602372,
      "compression_time_sec": 40.29007639992051,
      "seconds_per_gb_input": 40.17292228718916,
      "input_mb_per_sec": 25.489806110683315,
      "n_compared_frames": 30,
      "psnr_mean": 51.47319058538127,
      "psnr_std": 0.9889953927350241,
      "psnr_min": 50.85965463978933,
      "psnr_max": 54.08542189568575,
      "ssim_mean": 0.9939411213560393,
      "ssim_std": 0.001099059194893816,
      "ssim_min": 0.9932019298124984,
      "ssim_max": 0.9966258847302268
    },
    "x265_crf10": {
      "status": "ok",
      "compressed_bytes": 224240198,
      "compressed_gb": 0.20883995853364468,
      "subset_input_bytes": 1076873119,
      "subset_input_gb": 1.0029162457212806,
      "percent_of_input": 20.82327008108743,
      "compression_time_sec": 36.23251420003362,
      "seconds_per_gb_input": 36.127158528552705,
      "input_mb_per_sec": 28.344327140776734,
      "n_compared_frames": 30,
      "psnr_mean": 48.024108103275125,
      "psnr_std": 0.9895426861180072,
      "psnr_min": 47.40901457496891,
      "psnr_max": 50.64571441060649,
      "ssim_mean": 0.9866035294475364,
      "ssim_std": 0.0024249267828918087,
      "ssim_min": 0.9849562636374157,
      "ssim_max": 0.9925394645041786
    },
    "x265_crf14": {
      "status": "ok",
      "compressed_bytes": 122569615,
      "compressed_gb": 0.11415184941142797,
      "subset_input_bytes": 1076873119,
      "subset_input_gb": 1.0029162457212806,
      "percent_of_input": 11.38199225492971,
      "compression_time_sec": 26.798667500028387,
      "seconds_per_gb_input": 26.72074324686528,
      "input_mb_per_sec": 38.322287315871336,
      "n_compared_frames": 30,
      "psnr_mean": 44.50788465748318,
      "psnr_std": 0.9902864541292881,
      "psnr_min": 43.89861041032687,
      "psnr_max": 47.15033705572232,
      "ssim_mean": 0.9699980485922793,
      "ssim_std": 0.00538752531659456,
      "ssim_min": 0.9664154696315683,
      "ssim_max": 0.9832327523990396
    },
    "x265_crf18": {
      "status": "ok",
      "compressed_bytes": 40982758,
      "compressed_gb": 0.0381681676954031,
      "subset_input_bytes": 1076873119,
      "subset_input_gb": 1.0029162457212806,
      "percent_of_input": 3.8057183596575594,
      "compression_time_sec": 15.741192300105467,
      "seconds_per_gb_input": 15.695420596945924,
      "input_mb_per_sec": 65.24195982357134,
      "n_compared_frames": 30,
      "psnr_mean": 42.10562413509209,
      "psnr_std": 0.6401254081942479,
      "psnr_min": 41.70578957921941,
      "psnr_max": 43.9061869346942,
      "ssim_mean": 0.9496169247400847,
      "ssim_std": 0.005737476282286562,
      "ssim_min": 0.9458929876493958,
      "ssim_max": 0.9651592379516379
    },
    "x265_crf22": {
      "status": "ok",
      "compressed_bytes": 8681022,
      "compressed_gb": 0.00808483175933361,
      "subset_input_bytes": 1076873119,
      "subset_input_gb": 1.0029162457212806,
      "percent_of_input": 0.8061322960741487,
      "compression_time_sec": 7.7784526001196355,
      "seconds_per_gb_input": 7.755834680417907,
      "input_mb_per_sec": 132.0296321665309,
      "n_compared_frames": 30,
      "psnr_mean": 40.93012197332448,
      "psnr_std": 0.27886121974175115,
      "psnr_min": 40.69359562235653,
      "psnr_max": 41.7309335725692,
      "ssim_mean": 0.9358148579090741,
      "ssim_std": 0.0031873772123755095,
      "ssim_min": 0.9332197937431308,
      "ssim_max": 0.9447902517728292
    },
    "x265_crf26": {
      "status": "ok",
      "compressed_bytes": 1205600,
      "compressed_gb": 0.001122802495956421,
      "subset_input_bytes": 1076873119,
      "subset_input_gb": 1.0029162457212806,
      "percent_of_input": 0.11195376490774861,
      "compression_time_sec": 4.7052009999752045,
      "seconds_per_gb_input": 4.691519376666696,
      "input_mb_per_sec": 218.26617728424426,
      "n_compared_frames": 30,
      "psnr_mean": 40.404283020040324,
      "psnr_std": 0.07343490970633546,
      "psnr_min": 40.30256958396727,
      "psnr_max": 40.571879450360825,
      "ssim_mean": 0.9286711053491816,
      "ssim_std": 0.0008760016089228911,
      "ssim_min": 0.9274390338705479,
      "ssim_max": 0.9307053075325388
    },
    "x265_crf30": {
      "status": "ok",
      "compressed_bytes": 273156,
      "compressed_gb": 0.00025439634919166565,
      "subset_input_bytes": 1076873119,
      "subset_input_gb": 1.0029162457212806,
      "percent_of_input": 0.0253656624146823,
      "compression_time_sec": 4.833995900116861,
      "seconds_per_gb_input": 4.819939771381739,
      "input_mb_per_sec": 212.45078747248505,